id,URL_name
1,1-1.jpg
2,2-1.jpg
3,3-1.jpg
4,4-1.jpg
5,5-1.jpg
6,6-1.jpg
7,7-1.jpg
8,8-1.jpg
9,9-1.jpg
10,10-1.jpg
11,11-1.jpg
12,12-1.jpg
13,13-1.jpg
14,14-1.jpg
15,15-1.jpg
16,16-1.jpg
17,17-1.jpg
18,18-1.jpg
19,19-1.jpg
20,20-1.jpg
31,s123.webp
32,133_Pitufos.jpg.jpg
33,135_Wildfrost.png.jpg
34,141_CltellierRyza3.jpg.jpg
35,2024_CNY_1.webp
36,MVSD_topicsbunner_240125__________1_______15_copy.webp
37,herobanner_l.webp
38,TPGS_1.webp
39,0000_820_461.webp
40,MicrosoftTeams-image__41_.webp
41,AQMX_Vol.9_820_461.webp
42,topicsbunner_231222__________1_______9.webp
43,AQMX_Vol.8_820_461.webp
44,AQMX_Vol.7_820_461.webp
45,ACP_sanrio_1128_1920_1080_02_TWzh.webp
46,MicrosoftTeams-image__39_.webp
47,87406-tw_820_461.webp
48,AQMX_Vol6_820_461.webp
49,MicrosoftTeams-image__35_.webp
50,?????RPG.webp
51,01.webp
52,02.webp
53,03.webp
54,04.webp
55,05.webp
56,06.webp
57,07.webp
58,08.webp
59,09.webp
60,10.webp
61,aaa10.webp
62,aaa1.webp
63,aaa2.webp
64,aaa3.webp
65,aaa4.webp
66,aaa5.webp
67,aaa6.webp
68,aaa7.webp
69,aaa8.webp
70,aaa9.webp
71,aaa11.webp
72,aaa12.webp
73,aaa13.webp
74,a1.webp
75,a2.webp
76,a3.webp
77,a4.webp
78,a5.webp
79,a6.webp
80,a7.webp
81,a8.webp
82,a9.webp
83,a10.webp
84,a11.webp
85,a12.webp
86,a13.webp
87,a14.webp
88,a15.webp
89,a16.webp
90,a17.webp
91,a18.webp
92,a19.webp
93,a20.webp
94,a21.webp
95,a22.webp
97,aa1.webp
